t,S_as_x,S_as_y,S_as_z,S_as_vx,S_as_vy,S_as_vz,S_meas_x,S_meas_y,S_meas_z,S_meas_vx,S_meas_vy,S_meas_vz,T_x,T_y,T_z,T_vx,T_vy,T_vz,dist_ue,mode,rdot
0.000,0.253,-0.011,-0.698,0.017,-0.001,0.014,0.253,-0.011,-0.698,-0.983,-1.001,0.014,20.018,-0.001,-0.199,0.000,0.000,0.000,19.822,PURSUIT,-0.018
0.055,0.254,-0.011,-0.697,0.012,-0.000,0.033,0.254,-0.011,-0.697,-0.988,-1.000,0.033,20.028,-0.001,-0.222,0.091,0.001,-0.207,19.829,PURSUIT,0.073
0.108,0.254,-0.011,-0.693,0.018,-0.004,0.160,0.254,-0.011,-0.693,-0.982,-1.004,0.160,20.052,0.001,-0.259,0.269,0.019,-0.445,19.850,PURSUIT,0.238
0.161,0.257,-0.012,-0.687,0.109,-0.034,0.003,0.257,-0.012,-0.687,-0.891,-1.034,0.003,20.082,0.005,-0.296,0.419,0.046,-0.575,19.873,PURSUIT,0.299
0.213,0.268,-0.015,-0.694,0.316,-0.052,-0.251,0.268,-0.015,-0.694,-0.684,-1.052,-0.251,20.145,0.015,-0.362,0.808,0.118,-0.919,19.922,PURSUIT,0.481
0.268,0.293,-0.018,-0.715,0.617,-0.057,-0.531,0.293,-0.018,-0.715,-0.383,-1.057,-0.531,20.219,0.029,-0.431,1.084,0.181,-1.086,19.971,PURSUIT,0.460
0.322,0.336,-0.021,-0.751,0.977,-0.054,-0.801,0.336,-0.021,-0.751,-0.023,-1.054,-0.801,20.326,0.049,-0.520,1.537,0.283,-1.370,20.031,PURSUIT,0.555
0.376,0.399,-0.023,-0.801,1.376,-0.044,-1.059,0.399,-0.023,-0.801,0.376,-1.044,-1.059,20.451,0.075,-0.615,1.913,0.377,-1.558,20.091,PURSUIT,0.534
0.430,0.485,-0.025,-0.865,1.801,-0.031,-1.304,0.485,-0.025,-0.865,0.801,-1.031,-1.304,20.609,0.109,-0.727,2.427,0.506,-1.826,20.157,PURSUIT,0.626
0.484,0.594,-0.027,-0.942,2.243,-0.015,-1.539,0.594,-0.027,-0.942,1.243,-1.015,-1.539,20.784,0.148,-0.845,2.848,0.621,-2.010,20.220,PURSUIT,0.609
0.542,0.735,-0.027,-1.037,2.720,0.004,-1.778,0.735,-0.027,-1.037,1.720,-0.996,-1.778,20.994,0.198,-0.978,3.216,0.731,-2.147,20.287,PURSUIT,0.503
0.595,0.895,-0.026,-1.139,3.180,0.025,-1.998,0.895,-0.026,-1.139,2.180,-0.975,-1.998,21.216,0.252,-1.114,3.720,0.881,-2.364,20.350,PURSUIT,0.552
0.648,1.079,-0.024,-1.252,3.642,0.048,-2.211,1.079,-0.024,-1.252,2.642,-0.952,-2.211,21.433,0.307,-1.242,3.915,0.961,-2.395,20.403,PURSUIT,0.288
0.702,1.288,-0.021,-1.377,4.103,0.072,-2.416,1.288,-0.021,-1.377,3.103,-0.928,-2.416,21.697,0.376,-1.394,4.393,1.122,-2.597,20.460,PURSUIT,0.310
0.756,1.522,-0.016,-1.513,4.562,0.098,-2.611,1.522,-0.016,-1.513,3.562,-0.902,-2.611,21.964,0.450,-1.544,4.659,1.237,-2.679,20.470,PURSUIT,0.122
0.811,1.780,-0.010,-1.659,5.015,0.126,-2.792,1.780,-0.010,-1.659,4.015,-0.874,-2.792,22.299,0.546,-1.727,5.392,1.499,-3.021,20.561,PURSUIT,0.415
0.864,2.063,-0.003,-1.815,5.464,0.156,-2.967,2.063,-0.003,-1.815,4.464,-0.844,-2.967,22.600,0.637,-1.890,5.500,1.594,-3.022,20.599,PURSUIT,0.081
0.918,2.370,0.006,-1.979,5.906,0.188,-3.127,2.370,0.006,-1.979,4.906,-0.812,-3.127,22.934,0.742,-2.067,5.859,1.776,-3.162,20.631,PURSUIT,0.010
0.972,2.701,0.018,-2.152,6.339,0.222,-3.274,2.701,0.018,-2.152,5.339,-0.778,-3.274,23.262,0.850,-2.239,5.987,1.896,-3.184,20.654,PURSUIT,-0.284
1.025,3.035,0.030,-2.322,6.739,0.255,-3.398,3.035,0.030,-2.322,5.739,-0.745,-3.398,23.623,0.974,-2.426,6.348,2.106,-3.331,20.668,PURSUIT,-0.306
1.080,3.431,0.045,-2.519,7.154,0.297,-3.485,3.431,0.045,-2.519,6.154,-0.703,-3.485,24.058,1.133,-2.649,7.152,2.500,-3.707,20.674,PURSUIT,0.115
1.132,3.805,0.062,-2.699,7.527,0.348,-3.567,3.805,0.062,-2.699,6.527,-0.652,-3.567,24.420,1.271,-2.834,7.056,2.583,-3.623,20.669,PURSUIT,-0.339
1.187,4.222,0.082,-2.893,7.913,0.406,-3.639,4.222,0.082,-2.893,6.913,-0.594,-3.639,24.790,1.420,-3.021,6.915,2.651,-3.522,20.654,PURSUIT,-0.851
1.242,4.659,0.106,-3.091,8.280,0.463,-3.681,4.659,0.106,-3.091,7.280,-0.537,-3.681,25.235,1.608,-3.244,7.523,3.045,-3.802,20.623,PURSUIT,-0.567
1.294,5.116,0.132,-3.290,8.618,0.526,-3.684,5.116,0.132,-3.290,7.618,-0.474,-3.684,25.574,1.759,-3.413,6.973,2.949,-3.505,20.592,PURSUIT,-1.449
1.349,5.590,0.162,-3.489,8.939,0.599,-3.689,5.590,0.162,-3.489,7.939,-0.401,-3.689,26.008,1.961,-3.629,7.458,3.326,-3.726,20.542,PURSUIT,-1.235
1.403,6.081,0.197,-3.689,9.257,0.686,-3.720,6.081,0.197,-3.689,8.257,-0.314,-3.720,26.424,2.166,-3.835,7.598,3.566,-3.777,20.483,PURSUIT,-1.374
1.457,6.589,0.237,-3.890,9.547,0.775,-3.729,6.589,0.237,-3.890,8.547,-0.225,-3.729,26.819,2.370,-4.030,7.412,3.654,-3.671,20.332,PURSUIT,-1.822
1.511,7.112,0.281,-4.091,9.817,0.871,-3.740,7.112,0.281,-4.091,8.817,-0.129,-3.740,27.239,2.599,-4.236,7.650,3.978,-3.776,20.249,PURSUIT,-1.796
1.563,7.649,0.331,-4.294,10.074,0.975,-3.760,7.649,0.331,-4.294,9.074,-0.025,-3.760,27.706,2.869,-4.466,8.251,4.545,-4.063,20.234,PURSUIT,-1.357
1.619,8.199,0.386,-4.497,10.307,1.084,-3.756,8.199,0.386,-4.497,9.307,0.084,-3.756,28.124,3.125,-4.672,7.916,4.594,-3.899,20.129,PURSUIT,-1.890
1.673,8.762,0.448,-4.700,10.539,1.210,-3.771,8.762,0.448,-4.700,9.539,0.210,-3.771,28.493,3.364,-4.855,7.332,4.478,-3.625,20.026,PURSUIT,-2.695
1.726,9.337,0.517,-4.903,10.748,1.336,-3.763,9.337,0.517,-4.903,9.748,0.336,-3.763,28.926,3.660,-5.073,7.730,5.019,-3.857,19.889,PURSUIT,-2.395
1.780,9.922,0.593,-5.106,10.943,1.469,-3.768,9.922,0.593,-5.106,9.943,0.469,-3.768,29.350,3.969,-5.291,7.816,5.392,-3.960,19.736,PURSUIT,-2.407
1.835,10.518,0.676,-5.310,11.123,1.607,-3.764,10.518,0.676,-5.310,10.123,0.607,-3.764,29.742,4.274,-5.499,7.492,5.487,-3.879,19.575,PURSUIT,-2.853
1.890,11.157,0.771,-5.524,11.288,1.758,-3.743,11.157,0.771,-5.524,10.288,0.758,-3.743,30.102,4.573,-5.696,7.001,5.448,-3.729,19.407,PURSUIT,-3.478
1.944,11.771,0.871,-5.726,11.442,1.925,-3.764,11.771,0.871,-5.726,10.442,0.925,-3.764,30.468,4.899,-5.908,6.912,5.762,-3.832,19.212,PURSUIT,-3.618
1.998,12.393,0.979,-5.930,11.583,2.098,-3.787,12.393,0.979,-5.930,10.583,1.098,-3.787,30.818,5.235,-6.122,6.655,5.955,-3.879,18.997,PURSUIT,-3.933
2.052,13.021,1.097,-6.135,11.709,2.273,-3.793,13.021,1.097,-6.135,10.709,1.273,-3.793,31.185,5.620,-6.365,6.745,6.554,-4.204,18.734,PURSUIT,-3.777
2.104,13.621,1.218,-6.328,11.816,2.445,-3.798,13.621,1.218,-6.328,10.816,1.445,-3.798,31.478,5.953,-6.575,6.181,6.470,-4.108,18.490,PURSUIT,-4.411
2.163,14.298,1.362,-6.544,11.917,2.639,-3.776,14.298,1.362,-6.544,10.917,1.639,-3.776,31.771,6.312,-6.799,5.608,6.324,-3.978,18.212,PURSUIT,-5.062
2.216,14.944,1.510,-6.748,12.006,2.852,-3.794,14.944,1.510,-6.748,11.006,1.852,-3.794,32.030,6.656,-7.011,5.219,6.361,-3.964,17.823,PURSUIT,-5.484
2.268,15.594,1.670,-6.953,12.084,3.069,-3.804,15.594,1.670,-6.953,11.084,2.069,-3.804,32.287,7.023,-7.236,5.065,6.696,-4.137,17.618,PURSUIT,-5.570
2.322,16.249,1.842,-7.159,12.148,3.287,-3.802,16.249,1.842,-7.159,11.148,2.287,-3.802,32.513,7.373,-7.449,4.632,6.602,-4.051,17.305,PURSUIT,-6.044
2.375,16.869,2.015,-7.352,12.198,3.499,-3.795,16.869,2.015,-7.352,11.198,2.499,-3.795,32.734,7.745,-7.675,4.410,6.827,-4.167,16.843,PURSUIT,-6.186
2.431,17.566,2.221,-7.568,12.237,3.734,-3.758,17.566,2.221,-7.568,11.237,2.734,-3.758,32.957,8.159,-7.927,4.213,7.135,-4.343,16.547,PURSUIT,-6.248
2.484,18.227,2.429,-7.770,12.261,3.989,-3.761,18.227,2.429,-7.770,11.261,2.989,-3.761,33.139,8.532,-8.152,3.804,7.039,-4.270,16.162,PURSUIT,-6.658
2.538,18.853,2.639,-7.962,12.274,4.228,-3.752,18.853,2.639,-7.962,11.274,3.228,-3.752,33.297,8.883,-8.361,3.373,6.790,-4.079,15.786,PURSUIT,-7.144
2.593,19.553,2.887,-8.175,12.275,4.497,-3.731,19.553,2.887,-8.175,11.275,3.497,-3.731,33.458,9.274,-8.588,3.156,6.971,-4.121,15.352,PURSUIT,-7.241
2.647,20.216,3.137,-8.376,12.263,4.757,-3.708,20.216,3.137,-8.376,11.263,3.757,-3.708,33.588,9.622,-8.787,2.763,6.668,-3.877,14.951,PURSUIT,-7.707
2.703,20.877,3.401,-8.575,12.239,5.012,-3.658,20.877,3.401,-8.575,11.239,4.012,-3.658,33.717,10.009,-9.004,2.538,6.801,-3.882,14.490,PURSUIT,-7.797
2.757,21.537,3.679,-8.772,12.197,5.299,-3.644,21.537,3.679,-8.772,11.197,4.299,-3.644,33.812,10.331,-9.181,2.158,6.405,-3.596,14.092,PURSUIT,-8.297
2.811,22.231,3.990,-8.978,12.141,5.598,-3.611,22.231,3.990,-8.978,11.141,4.598,-3.611,33.910,10.711,-9.387,1.976,6.674,-3.678,13.488,PURSUIT,-8.268
2.864,22.848,4.282,-9.162,12.079,5.868,-3.577,22.848,4.282,-9.162,11.079,4.868,-3.577,33.988,11.067,-9.576,1.724,6.711,-3.632,13.135,PURSUIT,-8.399
2.919,23.535,4.625,-9.364,11.996,6.178,-3.542,23.535,4.625,-9.364,10.996,5.178,-3.542,34.060,11.477,-9.790,1.513,7.069,-3.751,12.572,PURSUIT,-8.287
2.975,24.180,4.966,-9.554,11.901,6.463,-3.488,24.180,4.966,-9.554,10.901,5.463,-3.488,34.096,11.747,-9.928,1.087,5.957,-3.115,11.989,PURSUIT,-9.220
3.028,24.819,5.324,-9.741,11.775,6.769,-3.462,24.819,5.324,-9.741,10.775,5.769,-3.462,34.131,12.090,-10.100,0.869,6.230,-3.194,11.528,PURSUIT,-9.143
3.081,25.417,5.676,-9.917,11.645,7.040,-3.410,25.417,5.676,-9.917,10.645,6.040,-3.410,34.151,12.428,-10.267,0.622,6.320,-3.179,11.019,PURSUIT,-9.164
3.133,26.041,6.064,-10.100,11.465,7.330,-3.386,26.041,6.064,-10.100,10.465,6.330,-3.386,34.155,12.815,-10.455,0.355,6.836,-3.369,10.576,PURSUIT,-8.853
3.186,26.620,6.444,-10.272,11.252,7.594,-3.379,26.620,6.444,-10.272,10.252,6.594,-3.379,34.147,13.070,-10.576,0.101,5.829,-2.833,10.012,PURSUIT,-9.549
3.240,27.221,6.861,-10.455,10.978,7.850,-3.386,27.221,6.861,-10.455,9.978,6.850,-3.386,34.119,13.444,-10.751,-0.213,6.371,-3.032,9.561,PURSUIT,-9.123
3.295,27.837,7.316,-10.649,10.620,8.092,-3.454,27.837,7.316,-10.649,9.620,7.092,-3.454,34.076,13.776,-10.903,-0.498,6.221,-2.906,9.012,PURSUIT,-9.081
3.348,28.369,7.733,-10.828,10.255,8.282,-3.553,28.369,7.733,-10.828,9.255,7.282,-3.553,34.027,14.051,-11.026,-0.710,5.710,-2.622,8.556,PURSUIT,-9.250
3.402,28.942,8.211,-11.034,9.824,8.454,-3.675,28.942,8.211,-11.034,8.824,7.454,-3.675,33.955,14.370,-11.167,-1.018,5.771,-2.597,8.025,CAPTURE,-8.941
3.457,29.461,8.670,-11.235,9.413,8.563,-3.783,29.461,8.670,-11.235,8.413,7.563,-3.783,33.876,14.649,-11.288,-1.226,5.437,-2.401,7.564,CAPTURE,-8.845
3.513,29.960,9.134,-11.439,9.080,8.622,-3.760,29.960,9.134,-11.439,8.080,7.622,-3.760,33.773,14.953,-11.417,-1.537,5.455,-2.358,7.066,CAPTURE,-8.464
3.566,30.441,9.603,-11.642,8.728,8.763,-3.766,30.441,9.603,-11.642,7.728,7.763,-3.766,33.655,15.250,-11.539,-1.872,5.490,-2.319,6.590,CAPTURE,-8.064
3.622,30.929,10.108,-11.855,8.393,8.947,-3.715,30.929,10.108,-11.855,7.393,7.947,-3.715,33.528,15.524,-11.649,-2.084,5.222,-2.154,6.159,CAPTURE,-7.833
3.676,31.374,10.596,-12.054,8.092,9.123,-3.646,31.374,10.596,-12.054,7.092,8.123,-3.646,33.395,15.775,-11.747,-2.255,4.913,-1.977,5.681,CAPTURE,-7.579
3.730,31.803,11.093,-12.249,7.800,9.280,-3.565,31.803,11.093,-12.249,6.800,8.280,-3.565,33.233,16.049,-11.851,-2.643,5.004,-1.953,5.374,CAPTURE,-6.857
3.786,32.217,11.597,-12.439,7.504,9.403,-3.492,32.217,11.597,-12.439,6.504,8.403,-3.492,33.055,16.314,-11.948,-2.920,4.884,-1.844,5.018,CAPTURE,-6.071
3.840,32.613,12.108,-12.627,7.152,9.496,-3.505,32.613,12.108,-12.627,6.152,8.496,-3.505,32.872,16.558,-12.032,-3.155,4.705,-1.711,4.734,CAPTURE,-5.098
3.892,32.989,12.622,-12.818,6.781,9.559,-3.547,32.989,12.622,-12.818,5.781,8.559,-3.547,32.676,16.794,-12.111,-3.451,4.609,-1.607,4.518,CAPTURE,-3.789
3.945,33.326,13.111,-13.000,6.423,9.580,-3.597,33.326,13.111,-13.000,5.423,8.580,-3.597,32.503,16.984,-12.172,-3.369,4.113,-1.378,4.345,CAPTURE,-2.788
3.997,33.662,13.628,-13.196,6.021,9.561,-3.684,33.662,13.628,-13.196,5.021,8.561,-3.684,32.295,17.194,-12.235,-3.653,4.046,-1.288,4.294,CAPTURE,-1.052
4.052,33.977,14.142,-13.397,5.638,9.494,-3.742,33.977,14.142,-13.397,4.638,8.494,-3.742,32.023,17.444,-12.305,-4.317,4.305,-1.283,4.370,CAPTURE,1.255
4.107,34.270,14.652,-13.601,5.206,9.356,-3.873,34.270,14.652,-13.601,4.206,8.356,-3.873,31.790,17.638,-12.355,-4.292,3.930,-1.098,4.490,CAPTURE,2.653
4.160,34.539,15.152,-13.815,4.759,9.182,-4.028,34.539,15.152,-13.815,3.759,8.182,-4.028,31.515,17.847,-12.404,-4.723,3.929,-1.009,4.714,CAPTURE,4.377
4.213,34.785,15.643,-14.035,4.353,8.999,-4.122,34.785,15.643,-14.035,3.353,7.999,-4.122,31.273,18.017,-12.439,-4.658,3.570,-0.842,4.965,CAPTURE,5.298
4.266,34.998,16.097,-14.247,3.976,8.796,-4.203,34.998,16.097,-14.247,2.976,7.796,-4.203,30.989,18.200,-12.473,-4.975,3.490,-0.735,5.304,CAPTURE,6.352
4.322,35.213,16.591,-14.488,3.581,8.538,-4.259,35.213,16.591,-14.488,2.581,7.538,-4.259,30.692,18.375,-12.500,-5.130,3.306,-0.609,5.691,CAPTURE,7.104
4.376,35.396,17.044,-14.720,3.187,8.227,-4.345,35.396,17.044,-14.720,2.187,7.227,-4.345,30.383,18.543,-12.520,-5.443,3.213,-0.494,6.116,CAPTURE,7.791
4.429,35.558,17.480,-14.957,2.800,7.891,-4.423,35.558,17.480,-14.957,1.800,6.891,-4.423,30.079,18.694,-12.533,-5.570,3.025,-0.371,6.545,CAPTURE,8.142
4.482,35.691,17.874,-15.184,2.445,7.550,-4.486,35.691,17.874,-15.184,1.445,6.550,-4.486,29.728,18.854,-12.541,-6.151,3.047,-0.260,7.047,CAPTURE,8.795
4.535,35.813,18.271,-15.428,2.069,7.156,-4.554,35.813,18.271,-15.428,1.069,6.156,-4.554,29.401,18.990,-12.542,-6.112,2.792,-0.136,7.532,CAPTURE,8.781
4.591,35.920,18.666,-15.690,1.667,6.699,-4.636,35.920,18.666,-15.690,0.667,5.699,-4.636,29.044,19.127,-12.536,-6.290,2.633,-0.015,8.046,CAPTURE,8.895
4.643,35.996,18.997,-15.929,1.305,6.266,-4.715,35.996,18.997,-15.929,0.305,5.266,-4.715,28.655,19.263,-12.523,-6.840,2.603,0.119,8.556,CAPTURE,9.298
4.697,36.056,19.322,-16.185,0.922,5.795,-4.796,36.056,19.322,-16.185,-0.078,4.795,-4.796,28.252,19.390,-12.502,-7.168,2.484,0.255,9.102,CAPTURE,9.446
4.749,36.094,19.606,-16.432,0.571,5.353,-4.855,36.094,19.606,-16.432,-0.429,4.353,-4.855,27.904,19.490,-12.477,-6.947,2.213,0.363,9.563,CAPTURE,9.079
4.803,36.117,19.886,-16.692,0.308,5.009,-4.745,36.117,19.886,-16.692,-0.692,4.009,-4.745,27.481,19.602,-12.440,-7.413,2.149,0.526,10.111,CAPTURE,9.335
4.858,36.127,20.161,-16.958,0.038,4.656,-4.613,36.127,20.161,-16.958,-0.962,3.656,-4.613,27.094,19.695,-12.400,-7.183,1.913,0.628,10.601,PURSUIT,8.925
4.912,36.123,20.405,-17.202,-0.175,4.373,-4.419,36.123,20.405,-17.202,-1.175,3.373,-4.419,26.676,19.787,-12.350,-7.480,1.811,0.780,11.116,PURSUIT,9.008
4.966,36.108,20.620,-17.424,-0.408,4.069,-4.286,36.108,20.620,-17.424,-1.408,3.069,-4.286,26.275,19.867,-12.296,-7.477,1.648,0.885,11.598,PURSUIT,8.804
5.018,36.080,20.832,-17.651,-0.626,3.784,-4.099,36.080,20.832,-17.651,-1.626,2.784,-4.099,25.819,19.948,-12.231,-8.062,1.592,1.063,12.131,PURSUIT,9.127
5.072,36.042,21.030,-17.866,-0.809,3.542,-3.858,36.042,21.030,-17.866,-1.809,2.542,-3.858,25.405,20.013,-12.168,-7.884,1.401,1.117,12.601,PURSUIT,8.735
5.128,35.990,21.225,-18.078,-1.005,3.287,-3.607,35.990,21.225,-18.078,-2.005,2.287,-3.607,24.936,20.077,-12.094,-8.111,1.269,1.218,13.117,PURSUIT,8.694
5.182,35.931,21.396,-18.266,-1.177,3.062,-3.348,35.931,21.396,-18.266,-2.177,2.062,-3.348,24.463,20.131,-12.017,-8.466,1.142,1.327,13.623,PURSUIT,8.782
5.237,35.863,21.555,-18.440,-1.353,2.833,-3.097,35.863,21.555,-18.440,-2.353,1.833,-3.097,24.060,20.170,-11.950,-7.909,0.922,1.273,14.047,PURSUIT,8.004
5.289,35.789,21.694,-18.592,-1.527,2.609,-2.873,35.789,21.694,-18.592,-2.527,1.609,-2.873,23.554,20.208,-11.866,-8.755,0.824,1.438,14.547,PURSUIT,8.553
5.342,35.702,21.828,-18.741,-1.708,2.375,-2.634,35.702,21.828,-18.741,-2.708,1.375,-2.634,23.147,20.231,-11.797,-8.239,0.628,1.366,14.944,PURSUIT,7.797
5.397,35.604,21.950,-18.877,-1.907,2.120,-2.423,35.604,21.950,-18.877,-2.907,1.120,-2.423,22.635,20.249,-11.712,-8.747,0.481,1.455,15.419,PURSUIT,7.998
5.452,35.496,22.058,-19.002,-2.083,1.893,-2.178,35.496,22.058,-19.002,-3.083,0.893,-2.178,22.175,20.256,-11.636,-8.624,0.306,1.431,15.834,PURSUIT,7.605
5.505,35.379,22.154,-19.113,-2.260,1.663,-1.938,35.379,22.154,-19.113,-3.260,0.663,-1.938,21.714,20.255,-11.560,-8.604,0.136,1.417,16.233,PURSUIT,7.308
5.559,35.252,22.238,-19.211,-2.441,1.427,-1.708,35.252,22.238,-19.211,-3.441,0.427,-1.708,21.253,20.244,-11.486,-8.591,-0.033,1.400,16.616,PURSUIT,7.014
5.612,35.116,22.309,-19.297,-2.615,1.203,-1.468,35.116,22.309,-19.297,-3.615,0.203,-1.468,20.819,20.225,-11.417,-8.413,-0.191,1.354,16.963,PURSUIT,6.565
5.669,34.962,22.371,-19.374,-2.794,0.980,-1.210,34.962,22.371,-19.374,-3.794,-0.020,-1.210,20.335,20.195,-11.342,-8.404,-0.356,1.332,17.332,PURSUIT,6.263
5.723,34.807,22.419,-19.431,-2.933,0.810,-0.922,34.807,22.419,-19.431,-3.933,-0.190,-0.922,19.929,20.163,-11.280,-8.011,-0.486,1.249,17.629,PURSUIT,5.620
5.776,34.645,22.459,-19.472,-3.050,0.670,-0.601,34.645,22.459,-19.472,-4.050,-0.330,-0.601,19.450,20.115,-11.208,-8.467,-0.689,1.293,17.964,PURSUIT,5.795
5.830,34.477,22.491,-19.496,-3.170,0.535,-0.287,34.477,22.491,-19.496,-4.170,-0.465,-0.287,19.024,20.064,-11.145,-8.201,-0.818,1.228,18.225,PURSUIT,5.283
5.883,34.313,22.515,-19.504,-3.290,0.408,-0.003,34.313,22.515,-19.504,-4.290,-0.592,-0.003,18.576,20.002,-11.081,-8.350,-0.997,1.225,18.530,PURSUIT,5.188
5.936,34.131,22.534,-19.496,-3.425,0.273,0.282,34.131,22.534,-19.496,-4.425,-0.727,0.282,18.131,19.931,-11.018,-8.315,-1.152,1.195,18.778,PURSUIT,4.903
5.989,33.943,22.545,-19.474,-3.568,0.139,0.554,33.943,22.545,-19.474,-4.568,-0.861,0.554,17.714,19.858,-10.961,-8.110,-1.275,1.142,19.031,PURSUIT,4.455
6.044,33.746,22.549,-19.437,-3.718,0.007,0.812,33.746,22.549,-19.437,-4.718,-0.993,0.812,17.204,19.757,-10.893,-8.718,-1.560,1.197,19.301,PURSUIT,4.801
6.097,33.553,22.546,-19.389,-3.865,-0.116,1.043,33.553,22.546,-19.389,-4.865,-1.116,1.043,16.819,19.673,-10.842,-8.008,-1.575,1.078,19.490,PURSUIT,3.883
6.150,33.339,22.536,-19.327,-4.035,-0.249,1.266,33.339,22.536,-19.327,-5.035,-1.249,1.266,16.367,19.566,-10.784,-8.217,-1.787,1.080,19.697,PURSUIT,3.846
6.207,33.103,22.518,-19.249,-4.254,-0.408,1.435,33.103,22.518,-19.249,-5.254,-1.408,1.435,15.990,19.469,-10.736,-7.439,-1.748,0.959,19.816,PURSUIT,2.818
6.259,32.882,22.493,-19.172,-4.435,-0.533,1.606,32.882,22.493,-19.172,-5.435,-1.533,1.606,15.593,19.360,-10.687,-7.554,-1.928,0.952,19.953,PURSUIT,2.703
6.311,32.637,22.461,-19.081,-4.637,-0.665,1.770,32.637,22.461,-19.081,-5.637,-1.665,1.770,15.154,19.230,-10.635,-7.936,-2.192,0.977,20.162,PURSUIT,2.840
6.365,32.381,22.422,-18.981,-4.850,-0.795,1.913,32.381,22.422,-18.981,-5.850,-1.795,1.913,14.744,19.101,-10.586,-7.791,-2.304,0.938,20.289,PURSUIT,2.457
6.418,32.128,22.378,-18.880,-5.059,-0.915,2.034,32.128,22.378,-18.880,-6.059,-1.915,2.034,14.338,18.964,-10.540,-7.743,-2.448,0.911,20.398,PURSUIT,2.187
6.474,31.832,22.322,-18.762,-5.326,-1.058,2.114,31.832,22.322,-18.762,-6.326,-2.058,2.114,13.915,18.812,-10.492,-7.671,-2.585,0.882,20.494,PURSUIT,1.855
6.528,31.539,22.262,-18.645,-5.544,-1.171,2.240,31.539,22.262,-18.645,-6.544,-2.171,2.240,13.519,18.662,-10.449,-7.453,-2.667,0.838,20.566,PURSUIT,1.406
6.583,31.233,22.195,-18.520,-5.768,-1.280,2.355,31.233,22.195,-18.520,-6.768,-2.280,2.355,13.107,18.496,-10.405,-7.489,-2.846,0.822,20.624,PURSUIT,1.216
6.638,30.897,22.119,-18.383,-6.018,-1.395,2.450,30.897,22.119,-18.383,-7.018,-2.395,2.450,12.722,18.333,-10.364,-7.267,-2.917,0.780,20.660,PURSUIT,0.746
6.692,30.566,22.041,-18.249,-6.261,-1.501,2.526,30.566,22.041,-18.249,-7.261,-2.501,2.526,12.384,18.182,-10.330,-6.733,-2.838,0.708,20.616,PURSUIT,-0.033
6.747,30.221,21.957,-18.111,-6.529,-1.612,2.561,30.221,21.957,-18.111,-7.529,-2.612,2.561,11.946,17.978,-10.286,-7.329,-3.275,0.750,20.680,PURSUIT,0.349
6.801,29.862,21.867,-17.971,-6.760,-1.711,2.650,29.862,21.867,-17.971,-7.760,-2.711,2.650,11.597,17.806,-10.252,-6.913,-3.237,0.692,20.620,PURSUIT,-0.302
6.854,29.490,21.772,-17.826,-7.013,-1.816,2.700,29.490,21.772,-17.826,-8.013,-2.816,2.700,11.253,17.629,-10.219,-6.690,-3.282,0.655,20.587,PURSUIT,-0.762
6.907,29.129,21.678,-17.682,-7.105,-1.863,2.974,29.129,21.678,-17.682,-8.105,-2.863,2.974,10.894,17.435,-10.185,-6.753,-3.473,0.646,20.584,PURSUIT,-0.845
6.961,28.722,21.570,-17.503,-7.174,-1.916,3.329,28.722,21.570,-17.503,-8.174,-2.916,3.329,10.520,17.225,-10.151,-6.822,-3.675,0.637,20.517,PURSUIT,-0.923
7.019,28.306,21.456,-17.312,-7.470,-2.125,3.326,28.306,21.456,-17.312,-8.470,-3.125,3.326,10.133,16.997,-10.117,-6.769,-3.817,0.618,20.428,PURSUIT,-1.231
7.071,27.917,21.342,-17.144,-7.783,-2.368,3.244,27.917,21.342,-17.144,-8.783,-3.368,3.244,9.828,16.810,-10.090,-6.300,-3.701,0.563,20.339,PURSUIT,-1.991
7.126,27.488,21.207,-16.971,-8.094,-2.630,3.185,27.488,21.207,-16.971,-9.094,-3.630,3.185,9.472,16.582,-10.060,-6.409,-3.936,0.559,20.213,PURSUIT,-2.141
7.181,27.018,21.049,-16.790,-8.406,-2.911,3.145,27.018,21.049,-16.790,-9.406,-3.911,3.145,9.140,16.360,-10.032,-6.241,-3.996,0.531,20.073,PURSUIT,-2.606
7.235,26.557,20.885,-16.621,-8.676,-3.164,3.144,26.557,20.885,-16.621,-9.676,-4.164,3.144,8.813,16.133,-10.006,-6.143,-4.098,0.511,19.914,PURSUIT,-2.966
7.293,26.054,20.697,-16.441,-8.957,-3.434,3.144,26.054,20.697,-16.441,-9.957,-4.434,3.144,8.456,15.874,-9.978,-6.115,-4.255,0.496,19.714,PURSUIT,-3.263
7.347,25.563,20.504,-16.271,-9.207,-3.678,3.164,25.563,20.504,-16.271,-10.207,-4.678,3.164,8.141,15.636,-9.953,-5.992,-4.343,0.474,19.514,PURSUIT,-3.641
7.399,25.088,20.311,-16.109,-9.426,-3.893,3.208,25.088,20.311,-16.109,-10.426,-4.893,3.208,7.883,15.434,-9.934,-5.493,-4.125,0.426,19.237,PURSUIT,-4.425
7.451,24.573,20.095,-15.934,-9.659,-4.120,3.248,24.573,20.095,-15.934,-10.659,-5.120,3.248,7.561,15.173,-9.910,-5.798,-4.539,0.439,19.085,PURSUIT,-4.305
7.505,24.045,19.867,-15.758,-9.896,-4.345,3.278,24.045,19.867,-15.758,-10.896,-5.345,3.278,7.262,14.920,-9.888,-5.685,-4.621,0.420,18.831,PURSUIT,-4.665
7.561,23.505,19.626,-15.579,-10.123,-4.559,3.319,23.505,19.626,-15.579,-11.123,-5.559,3.319,6.952,14.649,-9.867,-5.625,-4.752,0.407,18.543,PURSUIT,-4.951
7.614,22.952,19.374,-15.399,-10.354,-4.774,3.350,22.952,19.374,-15.399,-11.354,-5.774,3.350,6.680,14.401,-9.848,-5.343,-4.682,0.379,18.268,PURSUIT,-5.503
7.669,22.387,19.111,-15.217,-10.568,-4.972,3.403,22.387,19.111,-15.217,-11.568,-5.972,3.403,6.382,14.119,-9.828,-5.395,-4.918,0.373,17.942,PURSUIT,-5.644
7.723,21.811,18.837,-15.032,-10.776,-5.170,3.445,21.811,18.837,-15.032,-11.776,-6.170,3.445,6.121,13.863,-9.810,-5.125,-4.844,0.347,17.633,PURSUIT,-6.165
7.777,21.224,18.553,-14.845,-10.972,-5.364,3.475,21.224,18.553,-14.845,-11.972,-6.364,3.475,5.835,13.571,-9.792,-5.224,-5.137,0.345,17.270,PURSUIT,-6.220
7.832,20.593,18.242,-14.646,-11.158,-5.566,3.496,20.593,18.242,-14.646,-12.158,-6.566,3.496,5.585,13.306,-9.776,-4.859,-4.948,0.315,16.854,PURSUIT,-6.839
7.885,20.020,17.953,-14.469,-11.319,-5.765,3.462,20.020,17.953,-14.469,-12.319,-6.765,3.462,5.312,13.005,-9.759,-5.023,-5.327,0.318,16.535,PURSUIT,-6.757
7.938,19.404,17.636,-14.283,-11.470,-5.975,3.411,19.404,17.636,-14.283,-12.470,-6.975,3.411,5.072,12.732,-9.745,-4.753,-5.223,0.295,16.168,PURSUIT,-7.216
7.993,18.782,17.308,-14.100,-11.591,-6.175,3.367,18.782,17.308,-14.100,-12.591,-7.175,3.367,4.825,12.439,-9.730,-4.640,-5.294,0.281,15.767,PURSUIT,-7.447
8.048,18.118,16.950,-13.909,-11.696,-6.392,3.296,18.118,16.950,-13.909,-12.696,-7.392,3.296,4.570,12.125,-9.715,-4.650,-5.519,0.276,15.331,PURSUIT,-7.499
8.104,17.484,16.599,-13.734,-11.784,-6.613,3.178,17.484,16.599,-13.734,-12.784,-7.613,3.178,4.322,11.806,-9.701,-4.516,-5.572,0.263,14.884,PURSUIT,-7.711
8.159,16.810,16.215,-13.557,-11.842,-6.836,3.071,16.810,16.215,-13.557,-12.842,-7.836,3.071,4.093,11.500,-9.688,-4.351,-5.583,0.248,14.452,PURSUIT,-7.948
8.214,16.170,15.841,-13.393,-11.870,-7.033,2.994,16.170,15.841,-13.393,-12.870,-8.033,2.994,3.858,11.173,-9.676,-4.325,-5.782,0.241,13.987,PURSUIT,-7.965
8.266,15.528,15.455,-13.234,-11.887,-7.234,2.892,15.528,15.455,-13.234,-12.887,-8.234,2.892,3.665,10.894,-9.665,-3.988,-5.532,0.218,13.506,PURSUIT,-8.409
8.319,14.922,15.082,-13.089,-11.890,-7.419,2.786,14.922,15.082,-13.089,-12.890,-8.419,2.786,3.443,10.560,-9.654,-4.103,-5.939,0.219,13.111,PURSUIT,-8.190
8.377,14.244,14.653,-12.935,-11.891,-7.650,2.583,14.244,14.653,-12.935,-12.891,-8.650,2.583,3.238,10.239,-9.643,-3.825,-5.753,0.201,12.653,PURSUIT,-8.531
8.432,13.567,14.211,-12.791,-11.859,-7.832,2.509,13.567,14.211,-12.791,-12.859,-8.832,2.509,3.051,9.933,-9.634,-3.625,-5.676,0.187,12.090,PURSUIT,-8.753
8.484,12.964,13.808,-12.664,-11.820,-7.984,2.461,12.964,13.808,-12.664,-12.820,-8.984,2.461,2.848,9.587,-9.624,-3.734,-6.115,0.189,11.723,PURSUIT,-8.492
8.539,12.326,13.372,-12.533,-11.778,-8.146,2.377,12.326,13.372,-12.533,-12.778,-9.146,2.377,2.663,9.256,-9.615,-3.563,-6.083,0.177,11.252,PURSUIT,-8.650
8.593,11.692,12.928,-12.407,-11.733,-8.307,2.271,11.692,12.928,-12.407,-12.733,-9.307,2.271,2.494,8.941,-9.607,-3.355,-5.973,0.164,10.805,PURSUIT,-8.864
8.648,11.024,12.449,-12.282,-11.683,-8.494,2.082,11.024,12.449,-12.282,-12.683,-9.494,2.082,2.311,8.585,-9.598,-3.317,-6.183,0.160,10.219,PURSUIT,-8.784
8.700,10.430,12.013,-12.178,-11.626,-8.628,2.018,10.430,12.013,-12.178,-12.626,-9.628,2.018,2.154,8.264,-9.591,-3.177,-6.194,0.150,9.851,PURSUIT,-8.879
8.752,9.804,11.543,-12.071,-11.560,-8.761,1.965,9.804,11.543,-12.071,-12.560,-9.761,1.965,1.994,7.921,-9.583,-3.119,-6.375,0.146,9.372,PURSUIT,-8.826
8.807,9.182,11.067,-11.963,-11.480,-8.856,2.028,9.182,11.067,-11.963,-12.480,-9.856,2.028,1.840,7.576,-9.576,-2.974,-6.372,0.137,8.890,PURSUIT,-8.927
8.859,8.598,10.614,-11.859,-11.386,-8.933,2.074,8.598,10.614,-11.859,-12.386,-9.933,2.074,1.710,7.266,-9.570,-2.728,-6.119,0.124,8.459,CAPTURE,-9.198
8.913,7.987,10.129,-11.745,-11.270,-8.987,2.190,7.987,10.129,-11.745,-12.270,-9.987,2.190,1.561,6.896,-9.564,-2.746,-6.500,0.123,7.824,CAPTURE,-8.957
8.967,7.381,9.643,-11.620,-11.168,-9.020,2.447,7.381,9.643,-11.620,-12.168,-10.020,2.447,1.427,6.543,-9.558,-2.620,-6.537,0.116,7.378,CAPTURE,-9.028
9.020,6.780,9.154,-11.485,-11.066,-9.108,2.505,6.780,9.154,-11.485,-12.066,-10.108,2.505,1.300,6.188,-9.553,-2.516,-6.638,0.110,6.970,CAPTURE,-9.014
9.074,6.186,8.658,-11.354,-10.954,-9.281,2.297,6.186,8.658,-11.354,-11.954,-10.281,2.297,1.179,5.831,-9.547,-2.369,-6.616,0.103,6.480,CAPTURE,-9.040
9.128,5.598,8.152,-11.236,-10.826,-9.481,2.046,5.598,8.152,-11.236,-11.826,-10.481,2.046,1.060,5.451,-9.542,-2.299,-6.842,0.099,5.969,CAPTURE,-8.858
9.183,5.017,7.635,-11.131,-10.664,-9.666,1.851,5.017,7.635,-11.131,-11.664,-10.666,1.851,0.959,5.109,-9.538,-2.062,-6.514,0.088,5.518,CAPTURE,-9.066
9.236,4.447,7.108,-11.037,-10.426,-9.854,1.593,4.447,7.108,-11.037,-11.426,-10.854,1.593,0.848,4.705,-9.533,-2.061,-7.018,0.088,4.999,CAPTURE,-8.553
9.288,3.922,6.601,-10.962,-10.154,-10.013,1.349,3.922,6.601,-10.962,-11.154,-11.013,1.349,0.771,4.401,-9.530,-1.778,-6.449,0.076,4.624,CAPTURE,-8.792
9.343,3.383,6.057,-10.897,-9.796,-10.149,1.061,3.383,6.057,-10.897,-10.796,-11.149,1.061,0.680,4.014,-9.526,-1.723,-6.769,0.074,4.171,CAPTURE,-8.231
9.397,2.865,5.505,-10.847,-9.371,-10.257,0.754,2.865,5.505,-10.847,-10.371,-11.257,0.754,0.597,3.625,-9.522,-1.637,-7.003,0.071,3.753,CAPTURE,-7.605
9.454,2.346,4.919,-10.816,-8.824,-10.316,0.332,2.346,4.919,-10.816,-9.824,-11.316,0.332,0.521,3.235,-9.519,-1.473,-6.886,0.065,3.383,CAPTURE,-6.974
9.509,1.860,4.330,-10.810,-8.218,-10.328,-0.126,1.860,4.330,-10.810,-9.218,-11.328,-0.126,0.457,2.864,-9.516,-1.325,-6.835,0.059,3.089,CAPTURE,-6.048
9.563,1.432,3.773,-10.828,-7.632,-10.303,-0.533,1.432,3.773,-10.828,-8.632,-11.303,-0.533,0.403,2.513,-9.514,-1.163,-6.657,0.053,2.872,CAPTURE,-5.013
9.617,1.036,3.218,-10.867,-7.045,-10.232,-0.916,1.036,3.218,-10.867,-8.045,-11.232,-0.916,0.352,2.140,-9.511,-1.050,-6.783,0.050,2.712,CAPTURE,-3.495
9.671,0.671,2.669,-10.926,-6.470,-10.114,-1.261,0.671,2.669,-10.926,-7.470,-11.114,-1.261,0.311,1.787,-9.509,-0.909,-6.677,0.045,2.598,CAPTURE,-1.865
9.725,0.336,2.127,-11.001,-5.966,-9.962,-1.482,0.336,2.127,-11.001,-6.966,-10.962,-1.482,0.274,1.412,-9.507,-0.794,-6.803,0.042,2.611,CAPTURE,-0.181
9.779,0.042,1.622,-11.079,-5.577,-9.808,-1.542,0.042,1.622,-11.079,-6.577,-10.808,-1.542,0.242,0.995,-9.505,-0.699,-7.283,0.041,2.657,CAPTURE,1.103
9.833,-0.265,1.068,-11.166,-5.205,-9.637,-1.510,-0.265,1.068,-11.166,-6.205,-10.637,-1.510,0.219,0.599,-9.503,-0.558,-7.288,0.037,2.747,CAPTURE,2.072
9.886,-0.523,0.581,-11.241,-4.914,-9.494,-1.413,-0.523,0.581,-11.241,-5.914,-10.494,-1.413,0.207,0.286,-9.502,-0.394,-6.598,0.031,2.841,CAPTURE,2.595
9.940,-0.780,0.072,-11.314,-4.616,-9.352,-1.296,-0.780,0.072,-11.314,-5.616,-10.352,-1.296,0.199,-0.091,-9.500,-0.273,-6.801,0.029,2.984,CAPTURE,3.018
9.995,-1.018,-0.428,-11.386,-4.157,-9.137,-1.430,-1.018,-0.428,-11.386,-5.157,-10.137,-1.430,0.197,-0.446,-9.499,-0.146,-6.631,0.025,3.108,CAPTURE,3.375
10.047,-1.231,-0.916,-11.465,-3.764,-8.935,-1.463,-1.231,-0.916,-11.465,-4.764,-9.935,-1.463,0.204,-0.864,-9.498,-0.007,-7.279,0.025,3.288,CAPTURE,3.450
10.102,-1.425,-1.393,-11.543,-3.424,-8.748,-1.415,-1.425,-1.393,-11.543,-4.424,-9.748,-1.415,0.218,-1.240,-9.497,0.123,-7.078,0.022,3.455,CAPTURE,3.433
10.156,-1.603,-1.861,-11.616,-3.147,-8.591,-1.274,-1.603,-1.861,-11.616,-4.147,-9.591,-1.274,0.237,-1.574,-9.496,0.232,-6.648,0.018,3.604,CAPTURE,3.372
10.210,-1.766,-2.321,-11.680,-2.890,-8.455,-1.105,-1.766,-2.321,-11.680,-3.890,-9.455,-1.105,0.268,-1.991,-9.495,0.399,-7.137,0.017,3.784,CAPTURE,3.188
10.266,-1.921,-2.799,-11.741,-2.552,-8.285,-1.033,-1.921,-2.799,-11.741,-3.552,-9.285,-1.033,0.305,-2.386,-9.494,0.538,-7.123,0.015,3.948,CAPTURE,3.045
10.321,-2.051,-3.242,-11.793,-2.294,-8.160,-0.873,-2.051,-3.242,-11.793,-3.294,-9.160,-0.873,0.348,-2.760,-9.494,0.659,-6.949,0.012,4.099,CAPTURE,2.890
10.376,-2.174,-3.704,-11.838,-2.008,-8.030,-0.728,-2.174,-3.704,-11.838,-3.008,-9.030,-0.728,0.401,-3.154,-9.493,0.816,-7.075,0.010,4.249,CAPTURE,2.703
10.429,-2.269,-4.110,-11.873,-1.707,-7.902,-0.672,-2.269,-4.110,-11.873,-2.707,-8.902,-0.672,0.449,-3.464,-9.493,0.858,-6.464,0.008,4.394,CAPTURE,2.593
10.482,-2.352,-4.533,-11.909,-1.377,-7.765,-0.632,-2.352,-4.533,-11.909,-2.377,-8.765,-0.632,0.520,-3.877,-9.493,1.104,-7.142,0.007,4.504,CAPTURE,2.384
10.538,-2.421,-4.972,-11.944,-1.012,-7.622,-0.620,-2.421,-4.972,-11.944,-2.012,-8.622,-0.620,0.592,-4.246,-9.492,1.190,-6.862,0.005,4.625,CAPTURE,2.207
10.592,-2.465,-5.358,-11.973,-0.754,-7.527,-0.506,-2.465,-5.358,-11.973,-1.754,-8.527,-0.506,0.675,-4.635,-9.492,1.371,-7.051,0.005,4.744,CAPTURE,2.037
10.647,-2.500,-5.784,-11.998,-0.460,-7.424,-0.387,-2.500,-5.784,-11.998,-1.460,-8.424,-0.387,0.762,-5.002,-9.492,1.467,-6.849,0.004,4.847,CAPTURE,1.843
10.701,-2.517,-6.182,-12.017,-0.160,-7.321,-0.311,-2.517,-6.182,-12.017,-1.160,-8.321,-0.311,0.860,-5.388,-9.492,1.636,-6.948,0.003,4.946,CAPTURE,1.667
10.754,-2.517,-6.575,-12.032,0.156,-7.219,-0.263,-2.517,-6.575,-12.032,-0.844,-8.219,-0.263,0.944,-5.690,-9.492,1.610,-6.347,0.002,5.018,CAPTURE,1.477
10.808,-2.499,-6.962,-12.047,0.515,-7.101,-0.282,-2.499,-6.962,-12.047,-0.485,-8.101,-0.282,1.050,-6.052,-9.492,1.788,-6.509,0.001,5.096,CAPTURE,1.294
10.862,-2.463,-7.342,-12.061,0.827,-6.983,-0.229,-2.463,-7.342,-12.061,-0.173,-7.983,-0.229,1.170,-6.432,-9.492,2.012,-6.789,0.000,5.169,CAPTURE,1.117
10.916,-2.414,-7.695,-12.070,1.090,-6.878,-0.131,-2.414,-7.695,-12.070,0.090,-7.878,-0.131,1.291,-6.789,-9.492,2.131,-6.723,0.000,5.229,CAPTURE,0.942
10.970,-2.344,-8.084,-12.074,1.375,-6.768,-0.009,-2.344,-8.084,-12.074,0.375,-7.768,-0.009,1.426,-7.164,-9.492,2.301,-6.789,-0.000,5.281,CAPTURE,0.749
11.025,-2.262,-8.447,-12.072,1.653,-6.672,0.093,-2.262,-8.447,-12.072,0.653,-7.672,0.093,1.569,-7.536,-9.492,2.455,-6.798,-0.001,5.322,CAPTURE,0.577
11.082,-2.158,-8.824,-12.066,2.009,-6.567,0.103,-2.158,-8.824,-12.066,1.009,-7.567,0.103,1.719,-7.906,-9.492,2.542,-6.630,-0.001,5.352,CAPTURE,0.367
11.137,-2.042,-9.177,-12.058,2.291,-6.495,0.197,-2.042,-9.177,-12.058,1.291,-7.495,0.197,1.860,-8.234,-9.492,2.559,-6.314,-0.002,5.371,CAPTURE,0.148
11.192,-1.911,-9.526,-12.044,2.550,-6.436,0.326,-1.911,-9.526,-12.044,1.550,-7.436,0.326,1.998,-8.540,-9.492,2.542,-5.958,-0.002,5.370,CAPTURE,-0.084
11.245,-1.766,-9.872,-12.023,2.813,-6.378,0.448,-1.766,-9.872,-12.023,1.813,-7.378,0.448,2.187,-8.939,-9.493,3.031,-6.689,-0.002,5.382,CAPTURE,-0.119
11.298,-1.607,-10.215,-11.996,3.086,-6.311,0.554,-1.607,-10.215,-11.996,2.086,-7.311,0.554,2.347,-9.258,-9.493,3.030,-6.376,-0.002,5.373,CAPTURE,-0.352
11.354,-1.420,-10.572,-11.965,3.482,-6.208,0.499,-1.420,-10.572,-11.965,2.482,-7.208,0.499,2.513,-9.575,-9.493,2.988,-6.008,-0.002,5.356,CAPTURE,-0.628
11.407,-1.235,-10.886,-11.939,3.771,-6.139,0.551,-1.235,-10.886,-11.939,2.771,-7.139,0.551,2.705,-9.926,-9.493,3.313,-6.328,-0.003,5.327,CAPTURE,-0.705
11.461,-1.025,-11.216,-11.905,3.996,-6.084,0.730,-1.025,-11.216,-11.905,2.996,-7.084,0.730,2.893,-10.255,-9.493,3.410,-6.224,-0.003,5.290,CAPTURE,-0.893
11.515,-0.802,-11.543,-11.862,4.281,-6.016,0.816,-0.802,-11.543,-11.862,3.281,-7.016,0.816,3.088,-10.580,-9.493,3.485,-6.085,-0.003,5.243,CAPTURE,-1.096
11.569,-0.562,-11.866,-11.817,4.588,-5.952,0.869,-0.562,-11.866,-11.817,3.588,-6.952,0.869,3.300,-10.919,-9.493,3.719,-6.200,-0.003,5.182,CAPTURE,-1.220
11.626,-0.291,-12.204,-11.767,4.939,-5.886,0.882,-0.291,-12.204,-11.767,3.939,-6.886,0.882,3.484,-11.201,-9.494,3.470,-5.570,-0.003,5.096,CAPTURE,-1.602
11.679,-0.016,-12.520,-11.717,5.220,-5.838,0.973,-0.016,-12.520,-11.717,4.220,-6.838,0.973,3.733,-11.567,-9.494,4.096,-6.254,-0.004,5.035,CAPTURE,-1.520
11.732,0.255,-12.817,-11.662,5.390,-5.806,1.208,0.255,-12.817,-11.662,4.390,-6.806,1.208,3.928,-11.842,-9.494,3.900,-5.736,-0.004,4.959,CAPTURE,-1.836
11.785,0.553,-13.129,-11.594,5.703,-5.744,1.242,0.553,-13.129,-11.594,4.703,-6.744,1.242,4.141,-12.131,-9.494,3.930,-5.556,-0.004,4.869,CAPTURE,-2.056
11.839,0.869,-13.438,-11.526,5.987,-5.695,1.320,0.869,-13.438,-11.526,4.987,-6.695,1.320,4.385,-12.449,-9.495,4.236,-5.740,-0.005,4.758,CAPTURE,-2.128
11.897,1.218,-13.761,-11.447,6.256,-5.639,1.417,1.218,-13.761,-11.447,5.256,-6.639,1.417,4.622,-12.746,-9.495,4.175,-5.447,-0.005,4.606,CAPTURE,-2.384
11.950,1.561,-14.064,-11.367,6.452,-5.592,1.578,1.561,-14.064,-11.367,5.452,-6.592,1.578,4.878,-13.055,-9.495,4.475,-5.596,-0.005,4.516,CAPTURE,-2.417
12.004,1.914,-14.365,-11.277,6.617,-5.548,1.764,1.914,-14.365,-11.277,5.617,-6.548,1.764,5.127,-13.342,-9.495,4.553,-5.476,-0.005,4.385,CAPTURE,-2.545
12.058,2.277,-14.663,-11.179,6.821,-5.482,1.807,2.277,-14.663,-11.179,5.821,-6.482,1.807,5.353,-13.594,-9.496,4.384,-5.088,-0.004,4.220,CAPTURE,-2.761
12.110,2.651,-14.957,-11.082,7.028,-5.409,1.777,2.651,-14.957,-11.082,6.028,-6.409,1.777,5.656,-13.919,-9.496,5.064,-5.622,-0.005,4.098,CAPTURE,-2.519
12.167,3.036,-15.247,-10.990,7.248,-5.323,1.626,3.036,-15.247,-10.990,6.248,-6.323,1.626,5.891,-14.161,-9.496,4.633,-4.977,-0.004,3.972,CAPTURE,-2.801
12.219,3.432,-15.532,-10.903,7.406,-5.259,1.598,3.432,-15.532,-10.903,6.406,-6.259,1.598,6.146,-14.415,-9.496,4.734,-4.894,-0.005,3.796,CAPTURE,-2.796
12.271,3.813,-15.799,-10.820,7.505,-5.211,1.689,3.813,-15.799,-10.820,6.505,-6.211,1.689,6.452,-14.708,-9.497,5.321,-5.273,-0.006,3.682,CAPTURE,-2.565
12.326,4.221,-16.079,-10.729,7.604,-5.132,1.661,4.221,-16.079,-10.729,6.604,-6.132,1.661,6.733,-14.965,-9.497,5.226,-4.994,-0.006,3.540,CAPTURE,-2.614
12.379,4.634,-16.353,-10.642,7.688,-5.030,1.520,4.634,-16.353,-10.642,6.688,-6.030,1.520,6.986,-15.190,-9.497,4.973,-4.589,-0.006,3.376,CAPTURE,-2.662
12.434,5.051,-16.622,-10.564,7.759,-4.925,1.341,5.051,-16.622,-10.564,6.759,-5.925,1.341,7.325,-15.478,-9.498,5.582,-4.931,-0.007,3.265,CAPTURE,-2.317
12.487,5.471,-16.885,-10.497,7.791,-4.802,1.156,5.471,-16.885,-10.497,6.791,-5.802,1.156,7.571,-15.680,-9.498,5.122,-4.376,-0.007,3.165,CAPTURE,-2.388
12.541,5.892,-17.141,-10.437,7.797,-4.696,1.100,5.892,-17.141,-10.437,6.797,-5.696,1.100,7.870,-15.916,-9.499,5.300,-4.353,-0.007,3.052,CAPTURE,-2.216
12.595,6.313,-17.392,-10.379,7.796,-4.589,1.015,6.313,-17.392,-10.379,6.796,-5.589,1.015,8.207,-16.173,-9.499,5.794,-4.561,-0.009,2.934,CAPTURE,-1.926
12.649,6.733,-17.636,-10.328,7.769,-4.462,0.876,6.733,-17.636,-10.328,6.769,-5.462,0.876,8.499,-16.385,-9.500,5.584,-4.237,-0.009,2.844,CAPTURE,-1.859
12.707,7.175,-17.887,-10.282,7.725,-4.328,0.755,7.175,-17.887,-10.282,6.725,-5.328,0.755,8.829,-16.616,-9.500,5.657,-4.122,-0.009,2.753,CAPTURE,-1.686
12.762,7.614,-18.130,-10.240,7.676,-4.204,0.700,7.614,-18.130,-10.240,6.676,-5.204,0.700,9.146,-16.828,-9.501,5.728,-4.005,-0.010,2.676,CAPTURE,-1.518
12.815,8.004,-18.342,-10.206,7.629,-4.096,0.667,8.004,-18.342,-10.206,6.629,-5.096,0.667,9.485,-17.046,-9.501,6.020,-4.031,-0.011,2.603,CAPTURE,-1.328
12.870,8.437,-18.572,-10.169,7.569,-3.969,0.605,8.437,-18.572,-10.169,6.569,-4.969,0.605,9.810,-17.246,-9.502,6.009,-3.861,-0.011,2.542,CAPTURE,-1.191
12.923,8.822,-18.771,-10.139,7.517,-3.865,0.595,8.822,-18.771,-10.139,6.517,-4.865,0.595,10.103,-17.419,-9.502,5.749,-3.552,-0.010,2.493,CAPTURE,-1.131
12.977,9.226,-18.977,-10.109,7.455,-3.732,0.467,9.226,-18.977,-10.109,6.455,-4.732,0.467,10.491,-17.638,-9.503,6.427,-3.783,-0.012,2.437,CAPTURE,-0.854
13.030,9.627,-19.174,-10.087,7.384,-3.594,0.358,9.627,-19.174,-10.087,6.384,-4.594,0.358,10.789,-17.799,-9.504,6.047,-3.419,-0.011,2.403,CAPTURE,-0.808
13.084,10.024,-19.366,-10.066,7.336,-3.500,0.460,10.024,-19.366,-10.066,6.336,-4.500,0.460,11.129,-17.974,-9.505,6.183,-3.341,-0.012,2.370,CAPTURE,-0.707
13.137,10.419,-19.552,-10.040,7.292,-3.392,0.473,10.419,-19.552,-10.040,6.292,-4.392,0.473,11.491,-18.152,-9.505,6.489,-3.342,-0.014,2.337,CAPTURE,-0.570
13.190,10.790,-19.722,-10.018,7.243,-3.271,0.409,10.790,-19.722,-10.018,6.243,-4.271,0.409,11.817,-18.305,-9.506,6.342,-3.122,-0.014,2.312,CAPTURE,-0.510
13.246,11.201,-19.904,-9.997,7.192,-3.131,0.323,11.201,-19.904,-9.997,6.192,-4.131,0.323,12.186,-18.469,-9.507,6.449,-3.021,-0.014,2.291,CAPTURE,-0.409
13.298,11.567,-20.061,-9.981,7.156,-3.014,0.297,11.567,-20.061,-9.981,6.156,-4.014,0.297,12.479,-18.594,-9.508,6.027,-2.700,-0.013,2.267,CAPTURE,-0.399
13.352,11.952,-20.221,-9.965,7.124,-2.897,0.303,11.952,-20.221,-9.965,6.124,-3.897,0.303,12.833,-18.737,-9.508,6.310,-2.681,-0.015,2.265,CAPTURE,-0.303
13.406,12.336,-20.374,-9.950,7.092,-2.760,0.230,12.336,-20.374,-9.950,6.092,-3.760,0.230,13.209,-18.880,-9.509,6.661,-2.677,-0.016,2.254,CAPTURE,-0.201
13.460,12.718,-20.519,-9.939,7.051,-2.620,0.172,12.718,-20.519,-9.939,6.051,-3.620,0.172,13.569,-19.009,-9.510,6.644,-2.527,-0.016,2.249,CAPTURE,-0.161
13.518,13.140,-20.672,-9.929,7.016,-2.480,0.185,13.140,-20.672,-9.929,6.016,-3.480,0.185,13.930,-19.131,-9.511,6.433,-2.314,-0.016,2.238,CAPTURE,-0.162
13.571,13.497,-20.795,-9.919,6.996,-2.363,0.208,13.497,-20.795,-9.919,5.996,-3.363,0.208,14.294,-19.246,-9.512,6.667,-2.249,-0.017,2.245,CAPTURE,-0.099
13.625,13.875,-20.919,-9.908,6.980,-2.226,0.175,13.875,-20.919,-9.908,5.980,-3.226,0.175,14.701,-19.366,-9.513,7.082,-2.228,-0.018,2.245,CAPTURE,0.003
13.679,14.251,-21.036,-9.900,6.963,-2.087,0.145,14.251,-21.036,-9.900,5.963,-3.087,0.145,15.048,-19.461,-9.514,6.777,-1.998,-0.018,2.247,CAPTURE,-0.039
13.733,14.627,-21.145,-9.892,6.957,-1.960,0.159,14.627,-21.145,-9.892,5.957,-2.960,0.159,15.439,-19.560,-9.515,7.023,-1.918,-0.018,2.251,CAPTURE,0.030
13.789,15.024,-21.252,-9.884,6.969,-1.812,0.109,15.024,-21.252,-9.884,5.969,-2.812,0.109,15.790,-19.641,-9.516,6.608,-1.679,-0.017,2.255,CAPTURE,-0.060
13.842,15.401,-21.347,-9.879,6.991,-1.675,0.086,15.401,-21.347,-9.879,5.991,-2.675,0.086,16.142,-19.717,-9.517,6.609,-1.545,-0.017,2.250,CAPTURE,-0.059
13.896,15.779,-21.433,-9.874,7.016,-1.542,0.079,15.779,-21.433,-9.874,6.016,-2.542,0.079,16.516,-19.789,-9.518,6.789,-1.449,-0.018,2.267,CAPTURE,-0.026
13.950,16.137,-21.509,-9.871,7.030,-1.411,0.063,16.137,-21.509,-9.871,6.030,-2.411,0.063,16.912,-19.858,-9.519,7.084,-1.366,-0.018,2.274,CAPTURE,0.048
14.004,16.517,-21.581,-9.868,7.039,-1.270,0.047,16.517,-21.581,-9.868,6.039,-2.270,0.047,17.289,-19.916,-9.520,7.015,-1.216,-0.017,2.282,CAPTURE,0.026
14.061,16.919,-21.649,-9.866,7.049,-1.115,0.020,16.919,-21.649,-9.866,6.049,-2.115,0.020,17.709,-19.972,-9.521,7.212,-1.101,-0.017,2.291,CAPTURE,0.074
14.115,17.300,-21.706,-9.865,7.065,-0.972,0.016,17.300,-21.706,-9.865,6.065,-1.972,0.016,18.066,-20.012,-9.522,6.907,-0.923,-0.016,2.298,CAPTURE,-0.026
14.169,17.682,-21.754,-9.864,7.086,-0.832,0.020,17.682,-21.754,-9.864,6.086,-1.832,0.020,18.424,-20.046,-9.522,6.787,-0.777,-0.015,2.290,CAPTURE,-0.074
14.221,18.065,-21.795,-9.863,7.114,-0.691,0.021,18.065,-21.795,-9.863,6.114,-1.691,0.021,18.783,-20.073,-9.523,6.793,-0.648,-0.015,2.313,CAPTURE,-0.089
14.275,18.450,-21.829,-9.862,7.137,-0.549,0.020,18.450,-21.829,-9.862,6.137,-1.549,0.020,19.205,-20.097,-9.524,7.328,-0.546,-0.016,2.321,CAPTURE,0.071
14.332,18.857,-21.856,-9.861,7.157,-0.386,-0.019,18.857,-21.856,-9.861,6.157,-1.386,-0.019,19.585,-20.111,-9.525,7.021,-0.394,-0.015,2.327,CAPTURE,-0.058
14.386,19.245,-21.872,-9.863,7.186,-0.236,-0.032,19.245,-21.872,-9.863,6.186,-1.236,-0.032,19.987,-20.117,-9.526,7.182,-0.257,-0.014,2.334,CAPTURE,-0.017
14.440,19.633,-21.881,-9.864,7.216,-0.098,-0.006,19.633,-21.881,-9.864,6.216,-1.098,-0.006,20.367,-20.116,-9.526,7.133,-0.116,-0.014,2.340,CAPTURE,-0.049
14.493,20.002,-21.883,-9.864,7.240,0.035,0.008,20.002,-21.883,-9.864,6.240,-0.965,0.008,20.705,-20.109,-9.527,6.741,0.010,-0.012,2.324,CAPTURE,-0.207
14.546,20.394,-21.877,-9.863,7.266,0.181,0.006,20.394,-21.877,-9.863,6.266,-0.819,0.006,21.064,-20.095,-9.527,6.759,0.138,-0.011,2.326,CAPTURE,-0.219
14.601,20.787,-21.863,-9.863,7.286,0.329,0.000,20.787,-21.863,-9.863,6.286,-0.671,0.000,21.486,-20.070,-9.528,7.236,0.296,-0.011,2.350,CAPTURE,-0.051
14.655,21.180,-21.842,-9.863,7.290,0.477,0.003,21.180,-21.842,-9.863,6.290,-0.523,0.003,21.865,-20.040,-9.528,7.146,0.427,-0.010,2.352,CAPTURE,-0.098
14.709,21.574,-21.812,-9.863,7.286,0.624,0.004,21.574,-21.812,-9.863,6.286,-0.376,0.004,22.264,-20.000,-9.529,7.224,0.575,-0.010,2.353,CAPTURE,-0.069
14.763,21.967,-21.774,-9.863,7.289,0.772,0.002,21.967,-21.774,-9.863,6.289,-0.228,0.002,22.642,-19.956,-9.529,7.126,0.705,-0.009,2.354,CAPTURE,-0.119
14.815,22.361,-21.728,-9.863,7.293,0.920,-0.003,22.361,-21.728,-9.863,6.293,-0.080,-0.003,22.976,-19.910,-9.530,6.765,0.792,-0.008,2.354,CAPTURE,-0.287
14.871,22.755,-21.675,-9.863,7.298,1.068,-0.003,22.755,-21.675,-9.863,6.298,0.068,-0.003,23.352,-19.851,-9.530,6.725,0.916,-0.007,2.353,CAPTURE,-0.318
14.924,23.149,-21.613,-9.863,7.289,1.212,0.009,23.149,-21.613,-9.863,6.289,0.212,0.009,23.747,-19.782,-9.530,7.109,1.116,-0.007,2.351,CAPTURE,-0.147
14.979,23.542,-21.544,-9.862,7.270,1.354,0.018,23.542,-21.544,-9.862,6.270,0.354,0.018,24.120,-19.709,-9.531,6.933,1.220,-0.006,2.348,CAPTURE,-0.230
15.034,23.956,-21.462,-9.861,7.244,1.506,0.017,23.956,-21.462,-9.861,6.244,0.506,0.017,24.512,-19.624,-9.531,7.051,1.385,-0.007,2.345,CAPTURE,-0.173
15.087,24.325,-21.382,-9.860,7.225,1.642,0.015,24.325,-21.382,-9.860,6.225,0.642,0.015,24.882,-19.536,-9.531,7.032,1.523,-0.006,2.342,CAPTURE,-0.171
15.143,24.736,-21.284,-9.860,7.202,1.801,-0.012,24.736,-21.284,-9.860,6.202,0.801,-0.012,25.230,-19.447,-9.532,6.610,1.554,-0.006,2.338,CAPTURE,-0.385
15.197,25.124,-21.183,-9.861,7.184,1.945,-0.010,25.124,-21.183,-9.861,6.184,0.945,-0.010,25.596,-19.346,-9.532,6.700,1.714,-0.006,2.307,CAPTURE,-0.339
15.251,25.512,-21.074,-9.861,7.166,2.079,0.024,25.512,-21.074,-9.861,6.166,1.079,0.024,25.980,-19.232,-9.532,6.930,1.920,-0.006,2.328,CAPTURE,-0.214
15.305,25.898,-20.958,-9.859,7.134,2.214,0.038,25.898,-20.958,-9.859,6.134,1.214,0.038,26.322,-19.123,-9.533,6.592,1.953,-0.006,2.322,CAPTURE,-0.379
15.360,26.282,-20.835,-9.857,7.097,2.354,0.027,26.282,-20.835,-9.857,6.097,1.354,0.027,26.722,-18.988,-9.533,6.952,2.216,-0.006,2.315,CAPTURE,-0.171
15.418,26.686,-20.696,-9.856,7.060,2.509,-0.009,26.686,-20.696,-9.856,6.060,1.509,-0.009,27.060,-18.866,-9.533,6.405,2.164,-0.006,2.308,CAPTURE,-0.461
15.470,27.066,-20.557,-9.857,7.029,2.650,-0.013,27.066,-20.557,-9.857,6.029,1.650,-0.013,27.454,-18.715,-9.534,6.941,2.512,-0.007,2.301,CAPTURE,-0.149
15.525,27.445,-20.411,-9.857,7.000,2.777,0.027,27.445,-20.411,-9.857,6.000,1.777,0.027,27.806,-18.573,-9.534,6.688,2.561,-0.007,2.293,CAPTURE,-0.274
15.580,27.822,-20.257,-9.855,6.957,2.908,0.031,27.822,-20.257,-9.855,5.957,1.908,0.031,28.097,-18.449,-9.535,6.004,2.413,-0.007,2.286,CAPTURE,-0.631
15.632,28.196,-20.096,-9.854,6.918,3.046,0.019,28.196,-20.096,-9.854,5.918,2.046,0.019,28.463,-18.285,-9.535,6.503,2.770,-0.008,2.276,CAPTURE,-0.333
15.688,28.569,-19.928,-9.853,6.873,3.183,-0.002,28.569,-19.928,-9.853,5.873,2.183,-0.002,28.807,-18.124,-9.536,6.338,2.835,-0.009,2.267,CAPTURE,-0.409
15.741,28.939,-19.753,-9.853,6.821,3.313,-0.003,28.939,-19.753,-9.853,5.821,2.313,-0.003,29.166,-17.946,-9.536,6.537,3.080,-0.010,2.257,CAPTURE,-0.263
15.797,29.326,-19.560,-9.853,6.760,3.442,0.009,29.326,-19.560,-9.853,5.760,2.442,0.009,29.503,-17.772,-9.537,6.300,3.110,-0.010,2.248,CAPTURE,-0.374
15.851,29.689,-19.371,-9.853,6.696,3.563,0.012,29.689,-19.371,-9.853,5.696,2.563,0.012,29.855,-17.581,-9.537,6.376,3.305,-0.011,2.238,CAPTURE,-0.287
15.905,30.049,-19.175,-9.852,6.631,3.685,0.009,30.049,-19.175,-9.852,5.631,2.685,0.009,30.185,-17.394,-9.538,6.259,3.395,-0.012,2.228,CAPTURE,-0.316
15.963,30.425,-18.961,-9.852,6.552,3.817,-0.023,30.425,-18.961,-9.852,5.552,2.817,-0.023,30.547,-17.179,-9.539,6.261,3.557,-0.013,2.218,CAPTURE,-0.274
16.016,30.776,-18.752,-9.854,6.477,3.936,-0.025,30.776,-18.752,-9.854,5.477,2.936,-0.025,30.852,-16.990,-9.540,5.964,3.535,-0.014,2.210,CAPTURE,-0.414
16.070,31.124,-18.536,-9.855,6.404,4.049,-0.012,31.124,-18.536,-9.855,5.404,3.049,-0.012,31.152,-16.796,-9.540,5.782,3.573,-0.014,2.201,CAPTURE,-0.479
16.123,31.468,-18.315,-9.855,6.329,4.162,-0.004,31.468,-18.315,-9.855,5.329,3.162,-0.004,31.450,-16.597,-9.541,5.681,3.656,-0.015,2.193,CAPTURE,-0.493
16.178,31.808,-18.087,-9.856,6.243,4.273,-0.014,31.808,-18.087,-9.856,5.243,3.273,-0.014,31.778,-16.368,-9.542,5.840,3.920,-0.016,2.184,CAPTURE,-0.341
16.234,32.142,-17.853,-9.857,6.143,4.383,-0.046,32.142,-17.853,-9.857,5.143,3.383,-0.046,32.084,-16.146,-9.543,5.672,3.959,-0.017,2.175,CAPTURE,-0.396
16.287,32.471,-17.614,-9.860,6.044,4.487,-0.049,32.471,-17.614,-9.860,5.044,3.487,-0.049,32.403,-15.905,-9.544,5.803,4.223,-0.018,2.168,CAPTURE,-0.244
16.341,32.795,-17.369,-9.862,5.947,4.584,-0.035,32.795,-17.369,-9.862,4.947,3.584,-0.035,32.700,-15.671,-9.545,5.670,4.290,-0.018,2.161,CAPTURE,-0.271
16.396,33.131,-17.105,-9.864,5.843,4.685,-0.021,33.131,-17.105,-9.864,4.843,3.685,-0.021,32.977,-15.445,-9.546,5.335,4.187,-0.018,2.125,CAPTURE,-0.441
16.450,33.426,-16.863,-9.865,5.750,4.778,-0.018,33.426,-16.863,-9.865,4.750,3.778,-0.018,33.265,-15.200,-9.547,5.376,4.389,-0.019,2.148,CAPTURE,-0.346
16.503,33.734,-16.602,-9.866,5.645,4.883,-0.047,33.734,-16.602,-9.866,4.645,3.883,-0.047,33.564,-14.937,-9.548,5.471,4.646,-0.020,2.141,CAPTURE,-0.209
16.557,34.036,-16.336,-9.869,5.539,4.980,-0.053,34.036,-16.336,-9.869,4.539,3.980,-0.053,33.843,-14.681,-9.550,5.329,4.698,-0.021,2.135,CAPTURE,-0.245
16.612,34.332,-16.065,-9.872,5.435,5.070,-0.037,34.332,-16.065,-9.872,4.435,4.070,-0.037,34.147,-14.392,-9.551,5.442,4.995,-0.022,2.129,CAPTURE,-0.071
16.665,34.623,-15.788,-9.873,5.334,5.163,-0.024,34.623,-15.788,-9.873,4.334,4.163,-0.024,34.370,-14.171,-9.552,4.821,4.574,-0.020,2.124,CAPTURE,-0.493
16.719,34.909,-15.507,-9.875,5.232,5.260,-0.027,34.909,-15.507,-9.875,4.232,4.260,-0.027,34.649,-13.886,-9.553,5.000,4.939,-0.023,2.118,CAPTURE,-0.274
16.776,35.204,-15.204,-9.877,5.124,5.371,-0.050,35.204,-15.204,-9.877,4.124,4.371,-0.050,34.907,-13.611,-9.554,4.759,4.874,-0.022,2.081,CAPTURE,-0.408
16.829,35.478,-14.911,-9.879,5.020,5.467,-0.048,35.478,-14.911,-9.879,4.020,4.467,-0.048,35.173,-13.316,-9.556,4.908,5.236,-0.024,2.106,CAPTURE,-0.197
16.883,35.746,-14.614,-9.882,4.916,5.554,-0.030,35.746,-14.614,-9.882,3.916,4.554,-0.030,35.421,-13.032,-9.557,4.713,5.217,-0.024,2.099,CAPTURE,-0.282
16.938,36.008,-14.312,-9.883,4.804,5.637,-0.025,36.008,-14.312,-9.883,3.804,4.637,-0.025,35.649,-12.759,-9.558,4.445,5.103,-0.023,2.093,CAPTURE,-0.430
16.991,36.265,-14.005,-9.884,4.692,5.723,-0.028,36.265,-14.005,-9.884,3.692,4.723,-0.028,35.872,-12.482,-9.559,4.334,5.168,-0.023,2.087,CAPTURE,-0.438
17.047,36.515,-13.694,-9.886,4.573,5.807,-0.048,36.515,-13.694,-9.886,3.573,4.807,-0.048,36.129,-12.152,-9.561,4.460,5.540,-0.024,2.080,CAPTURE,-0.222
17.101,36.759,-13.378,-9.889,4.447,5.880,-0.054,36.759,-13.378,-9.889,3.447,4.880,-0.054,36.353,-11.850,-9.562,4.321,5.580,-0.024,2.074,CAPTURE,-0.247
17.156,37.008,-13.041,-9.892,4.316,5.948,-0.038,37.008,-13.041,-9.892,3.316,4.948,-0.038,36.596,-11.510,-9.563,4.358,5.870,-0.024,2.069,CAPTURE,-0.082
17.209,37.225,-12.736,-9.893,4.202,6.013,-0.025,37.225,-12.736,-9.893,3.202,5.013,-0.025,36.796,-11.217,-9.565,4.081,5.714,-0.023,2.063,CAPTURE,-0.249
17.263,37.449,-12.409,-9.895,4.081,6.086,-0.026,37.449,-12.409,-9.895,3.081,5.086,-0.026,36.992,-10.920,-9.566,3.824,5.565,-0.022,2.058,CAPTURE,-0.413
17.319,37.678,-12.060,-9.897,3.953,6.170,-0.041,37.678,-12.060,-9.897,2.953,5.170,-0.041,37.214,-10.567,-9.567,3.913,5.954,-0.023,2.052,CAPTURE,-0.186
17.372,37.888,-11.725,-9.899,3.828,6.238,-0.039,37.888,-11.725,-9.899,2.828,5.238,-0.039,37.398,-10.263,-9.568,3.695,5.857,-0.022,2.047,CAPTURE,-0.309
17.426,38.092,-11.386,-9.901,3.702,6.300,-0.029,38.092,-11.386,-9.901,2.702,5.300,-0.029,37.586,-9.938,-9.569,3.568,5.900,-0.021,2.042,CAPTURE,-0.324
17.482,38.288,-11.044,-9.902,3.579,6.365,-0.020,38.288,-11.044,-9.902,2.579,5.365,-0.020,37.768,-9.610,-9.570,3.432,5.926,-0.020,2.036,CAPTURE,-0.354
17.535,38.478,-10.699,-9.903,3.454,6.427,-0.017,38.478,-10.699,-9.903,2.454,5.427,-0.017,37.943,-9.278,-9.571,3.351,6.051,-0.019,2.030,CAPTURE,-0.309
17.592,38.671,-10.331,-9.904,3.313,6.493,-0.038,38.671,-10.331,-9.904,2.313,5.493,-0.038,38.122,-8.924,-9.572,3.236,6.120,-0.018,2.024,CAPTURE,-0.308
17.646,38.846,-9.978,-9.906,3.183,6.550,-0.033,38.846,-9.978,-9.906,2.183,5.550,-0.033,38.284,-8.586,-9.573,3.144,6.237,-0.018,2.019,CAPTURE,-0.266
17.700,39.015,-9.623,-9.908,3.058,6.603,-0.014,39.015,-9.623,-9.908,2.058,5.603,-0.014,38.449,-8.226,-9.574,3.076,6.413,-0.017,2.013,CAPTURE,-0.179
17.753,39.177,-9.265,-9.908,2.930,6.655,-0.004,39.177,-9.265,-9.908,1.930,5.655,-0.004,38.573,-7.939,-9.575,2.725,5.936,-0.014,1.975,CAPTURE,-0.558
